name,code,RC,RC1,RC2,RCN,RCN-1,RCs,RC1s,RC2s,RCNs,RCN-1s
tryptophan,W,12.25,11.1,11.8,12.25,12.1,12.4,11.6,11.8,12.4,12.1
phenylalanine,F,10.9,7.5,9.5,10.9,10.3,11.1,8.1,9.5,11.1,10.3
leucine,L,9.3,5.55,7.4,9.3,9.3,9.2,6,7.9,9.2,8.7
isoleucine,I,8,5.2,6.6,8,7.7,7.7,5,6.8,7.7,7.7
methionine,M,6.2,4.4,5.7,6.2,6,6.2,5,5.7,6.2,6
valine,V,5,2.9,3.4,5,4.2,5.1,2.7,3.4,5.1,4.2
tyrosine,Y,4.85,3.7,4.5,4.85,4.4,5.1,4.2,4.5,5.1,4.4
cysteine,C,0.45,0.9,0.2,0.45,-0.5,0.5,0.4,0,0.5,-0.5
proline,P,2.1,2.1,2.1,2.1,2.1,3,1,1.5,3,2.1
alanine,A,1.1,0.35,0.5,1.1,-0.1,0.8,-0.3,0.1,0.8,-0.5
glutamic acid,E,0.95,1,0,0.95,-0.1,0.5,0.1,0,0.5,-0.1
threonine,T,0.65,0.8,0.6,0.65,0,0.6,0.8,0.4,0.6,0
aspartic acid,D,0.15,0.5,0.4,0.15,-0.5,0.3,0.3,0.7,0.3,-0.5
glutamine,Q,-0.4,-0.7,-0.2,-0.4,-1.1,-0.4,-0.8,-0.2,-0.4,-1.1
serine,S,-0.15,0.8,-0.1,-0.15,-1.2,-0.5,0.4,0.1,-0.5,-1.2
glycine,G,-0.35,0.2,0.15,-0.35,-0.7,0,0,0.1,0,-0.7
arginine,R,-1.4,0.5,-1.1,-1.3,-1.1,-0.2,0.5,-1.1,-1.2,-1.1
asparagine,N,-0.85,0.2,-0.2,-0.85,-1.1,-0.85,0.2,-0.2,-0.85,-1.1
histidine,H,-1.45,-0.1,-0.2,-1.45,-1.7,-1,0.1,-0.2,-1,-1.7
lysine,K,-2.05,-0.6,-1.5,-1.9,-1.45,-0.2,-1.4,-1.3,-2.2,-1.45